<?xml version="1.0" encoding="UTF-8"?>
<!DOCTYPE generatorConfiguration
        PUBLIC "-//mybatis.org//DTD MyBatis Generator Configuration 1.0//EN"
        "http://mybatis.org/dtd/mybatis-generator-config_1_0.dtd">
<generatorConfiguration>
    <!-- 数据库驱动:选择你的本地硬盘上面的数据库驱动包-->
    <classPathEntry location="D:/software/maven-resposity/mysql/mysql-connector-java/8.0.19/mysql-connector-java-8.0.19.jar"/>
<!--    <properties resource="classpath:generator-config.properties"/>-->
    <context id="DB2Tables" targetRuntime="MyBatis3">
        <!-- JavaBean 实现 序列化 接口 -->
        <plugin type="org.mybatis.generator.plugins.SerializablePlugin" />
        <!-- 生成toString -->
        <plugin type="org.mybatis.generator.plugins.ToStringPlugin" />
        <!-- optional，旨在创建class时，对注释进行控制 -->
        <commentGenerator>
            <property name="suppressDate" value="true"/>
            <!-- <property name="suppressAllComments" value="true"/>-->
        </commentGenerator>
        <!--数据库链接URL，用户名、密码 -->
        <jdbcConnection driverClass="com.mysql.jdbc.Driver"
                        connectionURL="jdbc:mysql://127.0.0.1:3306/spring_database?serverTimezone=GMT%2B8"
                        userId="root"
                        password="root">
        </jdbcConnection>
        <!-- 类型转换 -->
        <javaTypeResolver >
            <!-- 是否使用bigDecimal,
                false: 把JDBC DECIMAL 和 NUMERIC 类型解析为 Integer(默认)
                true:  把JDBC DECIMAL 和 NUMERIC 类型解析为java.math.BigDecimal
            -->
            <property name="forceBigDecimals" value="false" />
        </javaTypeResolver>
        <!-- 生成模型的包名和位置-->
        <javaModelGenerator targetPackage="com.dwj.demo.entity" targetProject="src/main/java">
            <!-- 默认false 是否允许子包 -->
            <property name="enableSubPackages" value="true" />
            <!-- 默认false 是否对model添加 构造函数 -->
            <property name="constructorBased" value="false"/>
            <!-- 默认false 建立的Model对象是否 不可改变  即生成的Model对象不会有 setter方法，只有构造方法 -->
            <property name="immutable" value="false"/>
            <!-- 默认false 是否对类CHAR类型的列的数据进行trim操作 -->
            <property name="trimStrings" value="true" />
        </javaModelGenerator>
        <!-- 生成映射文件的包名和位置-->
        <sqlMapGenerator targetPackage="mapper" targetProject="src/main/resources">
            <property name="enableSubPackages" value="true"/>
        </sqlMapGenerator>
        <!-- 生成DAO的包名和位置-->
        <javaClientGenerator type="XMLMAPPER" targetPackage="com.dwj.demo.dao" targetProject="src/main/java">
            <property name="enableSubPackages" value="true"/>
        </javaClientGenerator>
        <!-- 要生成的表 tableName是数据库中的表名或视图名 domainObjectName是实体类名-->
        <!-- <table tableName="risk_model_order" domainObjectName="DSRiskModelOrder" enableCountByExample="false" enableUpdateByExample="false" enableDeleteByExample="false" enableSelectByExample="false" selectByExampleQueryId="false"></table>
         <table tableName="tel_bill_record" domainObjectName="DSTelBillRecord" enableCountByExample="false" enableUpdateByExample="false" enableDeleteByExample="false" enableSelectByExample="false" selectByExampleQueryId="false"></table>-->
        <table tableName="user"></table>
        <table tableName="content"></table>
    </context>
</generatorConfiguration>
